id_no,name,height,base_xp,hp,attack,defence,special-attack,special-defence,speed,front_image
1,bulbasaur,7,64,45,49,49,65,65,45,https://raw.githubusercontent.com/PokeAPI/sprites/master/sprites/pokemon/1.png
2,ivysaur,10,142,60,62,63,80,80,60,https://raw.githubusercontent.com/PokeAPI/sprites/master/sprites/pokemon/2.png
3,venusaur,20,263,80,82,83,100,100,80,https://raw.githubusercontent.com/PokeAPI/sprites/master/sprites/pokemon/3.png
4,charmander,6,62,39,52,43,60,50,65,https://raw.githubusercontent.com/PokeAPI/sprites/master/sprites/pokemon/4.png
5,charmeleon,11,142,58,64,58,80,65,80,https://raw.githubusercontent.com/PokeAPI/sprites/master/sprites/pokemon/5.png
6,charizard,17,267,78,84,78,109,85,100,https://raw.githubusercontent.com/PokeAPI/sprites/master/sprites/pokemon/6.png
7,squirtle,5,63,44,48,65,50,64,43,https://raw.githubusercontent.com/PokeAPI/sprites/master/sprites/pokemon/7.png
8,wartortle,10,142,59,63,80,65,80,58,https://raw.githubusercontent.com/PokeAPI/sprites/master/sprites/pokemon/8.png
9,blastoise,16,265,79,83,100,85,105,78,https://raw.githubusercontent.com/PokeAPI/sprites/master/sprites/pokemon/9.png
10,caterpie,3,39,45,30,35,20,20,45,https://raw.githubusercontent.com/PokeAPI/sprites/master/sprites/pokemon/10.png
11,metapod,7,72,50,20,55,25,25,30,https://raw.githubusercontent.com/PokeAPI/sprites/master/sprites/pokemon/11.png
12,butterfree,11,198,60,45,50,90,80,70,https://raw.githubusercontent.com/PokeAPI/sprites/master/sprites/pokemon/12.png
13,weedle,3,39,40,35,30,20,20,50,https://raw.githubusercontent.com/PokeAPI/sprites/master/sprites/pokemon/13.png
14,kakuna,6,72,45,25,50,25,25,35,https://raw.githubusercontent.com/PokeAPI/sprites/master/sprites/pokemon/14.png
15,beedrill,10,178,65,90,40,45,80,75,https://raw.githubusercontent.com/PokeAPI/sprites/master/sprites/pokemon/15.png
16,pidgey,3,50,40,45,40,35,35,56,https://raw.githubusercontent.com/PokeAPI/sprites/master/sprites/pokemon/16.png
17,pidgeotto,11,122,63,60,55,50,50,71,https://raw.githubusercontent.com/PokeAPI/sprites/master/sprites/pokemon/17.png
18,pidgeot,15,216,83,80,75,70,70,101,https://raw.githubusercontent.com/PokeAPI/sprites/master/sprites/pokemon/18.png
19,rattata,3,51,30,56,35,25,35,72,https://raw.githubusercontent.com/PokeAPI/sprites/master/sprites/pokemon/19.png
20,raticate,7,145,55,81,60,50,70,97,https://raw.githubusercontent.com/PokeAPI/sprites/master/sprites/pokemon/20.png
21,spearow,3,52,40,60,30,31,31,70,https://raw.githubusercontent.com/PokeAPI/sprites/master/sprites/pokemon/21.png
22,fearow,12,155,65,90,65,61,61,100,https://raw.githubusercontent.com/PokeAPI/sprites/master/sprites/pokemon/22.png
23,ekans,20,58,35,60,44,40,54,55,https://raw.githubusercontent.com/PokeAPI/sprites/master/sprites/pokemon/23.png
24,arbok,35,157,60,95,69,65,79,80,https://raw.githubusercontent.com/PokeAPI/sprites/master/sprites/pokemon/24.png
25,pikachu,4,112,35,55,40,50,50,90,https://raw.githubusercontent.com/PokeAPI/sprites/master/sprites/pokemon/25.png
26,raichu,8,243,60,90,55,90,80,110,https://raw.githubusercontent.com/PokeAPI/sprites/master/sprites/pokemon/26.png
27,sandshrew,6,60,50,75,85,20,30,40,https://raw.githubusercontent.com/PokeAPI/sprites/master/sprites/pokemon/27.png
28,sandslash,10,158,75,100,110,45,55,65,https://raw.githubusercontent.com/PokeAPI/sprites/master/sprites/pokemon/28.png
29,nidoran-f,4,55,55,47,52,40,40,41,https://raw.githubusercontent.com/PokeAPI/sprites/master/sprites/pokemon/29.png
30,nidorina,8,128,70,62,67,55,55,56,https://raw.githubusercontent.com/PokeAPI/sprites/master/sprites/pokemon/30.png
31,nidoqueen,13,253,90,92,87,75,85,76,https://raw.githubusercontent.com/PokeAPI/sprites/master/sprites/pokemon/31.png
32,nidoran-m,5,55,46,57,40,40,40,50,https://raw.githubusercontent.com/PokeAPI/sprites/master/sprites/pokemon/32.png
33,nidorino,9,128,61,72,57,55,55,65,https://raw.githubusercontent.com/PokeAPI/sprites/master/sprites/pokemon/33.png
34,nidoking,14,253,81,102,77,85,75,85,https://raw.githubusercontent.com/PokeAPI/sprites/master/sprites/pokemon/34.png
35,clefairy,6,113,70,45,48,60,65,35,https://raw.githubusercontent.com/PokeAPI/sprites/master/sprites/pokemon/35.png
36,clefable,13,242,95,70,73,95,90,60,https://raw.githubusercontent.com/PokeAPI/sprites/master/sprites/pokemon/36.png
37,vulpix,6,60,38,41,40,50,65,65,https://raw.githubusercontent.com/PokeAPI/sprites/master/sprites/pokemon/37.png
38,ninetales,11,177,73,76,75,81,100,100,https://raw.githubusercontent.com/PokeAPI/sprites/master/sprites/pokemon/38.png
39,jigglypuff,5,95,115,45,20,45,25,20,https://raw.githubusercontent.com/PokeAPI/sprites/master/sprites/pokemon/39.png
40,wigglytuff,10,218,140,70,45,85,50,45,https://raw.githubusercontent.com/PokeAPI/sprites/master/sprites/pokemon/40.png
41,zubat,8,49,40,45,35,30,40,55,https://raw.githubusercontent.com/PokeAPI/sprites/master/sprites/pokemon/41.png
42,golbat,16,159,75,80,70,65,75,90,https://raw.githubusercontent.com/PokeAPI/sprites/master/sprites/pokemon/42.png
43,oddish,5,64,45,50,55,75,65,30,https://raw.githubusercontent.com/PokeAPI/sprites/master/sprites/pokemon/43.png
44,gloom,8,138,60,65,70,85,75,40,https://raw.githubusercontent.com/PokeAPI/sprites/master/sprites/pokemon/44.png
45,vileplume,12,245,75,80,85,110,90,50,https://raw.githubusercontent.com/PokeAPI/sprites/master/sprites/pokemon/45.png
46,paras,3,57,35,70,55,45,55,25,https://raw.githubusercontent.com/PokeAPI/sprites/master/sprites/pokemon/46.png
47,parasect,10,142,60,95,80,60,80,30,https://raw.githubusercontent.com/PokeAPI/sprites/master/sprites/pokemon/47.png
48,venonat,10,61,60,55,50,40,55,45,https://raw.githubusercontent.com/PokeAPI/sprites/master/sprites/pokemon/48.png
49,venomoth,15,158,70,65,60,90,75,90,https://raw.githubusercontent.com/PokeAPI/sprites/master/sprites/pokemon/49.png
50,diglett,2,53,10,55,25,35,45,95,https://raw.githubusercontent.com/PokeAPI/sprites/master/sprites/pokemon/50.png
51,dugtrio,7,149,35,100,50,50,70,120,https://raw.githubusercontent.com/PokeAPI/sprites/master/sprites/pokemon/51.png
52,meowth,4,58,40,45,35,40,40,90,https://raw.githubusercontent.com/PokeAPI/sprites/master/sprites/pokemon/52.png
53,persian,10,154,65,70,60,65,65,115,https://raw.githubusercontent.com/PokeAPI/sprites/master/sprites/pokemon/53.png
54,psyduck,8,64,50,52,48,65,50,55,https://raw.githubusercontent.com/PokeAPI/sprites/master/sprites/pokemon/54.png
55,golduck,17,175,80,82,78,95,80,85,https://raw.githubusercontent.com/PokeAPI/sprites/master/sprites/pokemon/55.png
56,mankey,5,61,40,80,35,35,45,70,https://raw.githubusercontent.com/PokeAPI/sprites/master/sprites/pokemon/56.png
57,primeape,10,159,65,105,60,60,70,95,https://raw.githubusercontent.com/PokeAPI/sprites/master/sprites/pokemon/57.png
58,growlithe,7,70,55,70,45,70,50,60,https://raw.githubusercontent.com/PokeAPI/sprites/master/sprites/pokemon/58.png
59,arcanine,19,194,90,110,80,100,80,95,https://raw.githubusercontent.com/PokeAPI/sprites/master/sprites/pokemon/59.png
60,poliwag,6,60,40,50,40,40,40,90,https://raw.githubusercontent.com/PokeAPI/sprites/master/sprites/pokemon/60.png
61,poliwhirl,10,135,65,65,65,50,50,90,https://raw.githubusercontent.com/PokeAPI/sprites/master/sprites/pokemon/61.png
62,poliwrath,13,255,90,95,95,70,90,70,https://raw.githubusercontent.com/PokeAPI/sprites/master/sprites/pokemon/62.png
63,abra,9,62,25,20,15,105,55,90,https://raw.githubusercontent.com/PokeAPI/sprites/master/sprites/pokemon/63.png
64,kadabra,13,140,40,35,30,120,70,105,https://raw.githubusercontent.com/PokeAPI/sprites/master/sprites/pokemon/64.png
65,alakazam,15,250,55,50,45,135,95,120,https://raw.githubusercontent.com/PokeAPI/sprites/master/sprites/pokemon/65.png
66,machop,8,61,70,80,50,35,35,35,https://raw.githubusercontent.com/PokeAPI/sprites/master/sprites/pokemon/66.png
67,machoke,15,142,80,100,70,50,60,45,https://raw.githubusercontent.com/PokeAPI/sprites/master/sprites/pokemon/67.png
68,machamp,16,253,90,130,80,65,85,55,https://raw.githubusercontent.com/PokeAPI/sprites/master/sprites/pokemon/68.png
69,bellsprout,7,60,50,75,35,70,30,40,https://raw.githubusercontent.com/PokeAPI/sprites/master/sprites/pokemon/69.png
70,weepinbell,10,137,65,90,50,85,45,55,https://raw.githubusercontent.com/PokeAPI/sprites/master/sprites/pokemon/70.png
71,victreebel,17,221,80,105,65,100,70,70,https://raw.githubusercontent.com/PokeAPI/sprites/master/sprites/pokemon/71.png
72,tentacool,9,67,40,40,35,50,100,70,https://raw.githubusercontent.com/PokeAPI/sprites/master/sprites/pokemon/72.png
73,tentacruel,16,180,80,70,65,80,120,100,https://raw.githubusercontent.com/PokeAPI/sprites/master/sprites/pokemon/73.png
74,geodude,4,60,40,80,100,30,30,20,https://raw.githubusercontent.com/PokeAPI/sprites/master/sprites/pokemon/74.png
75,graveler,10,137,55,95,115,45,45,35,https://raw.githubusercontent.com/PokeAPI/sprites/master/sprites/pokemon/75.png
76,golem,14,223,80,120,130,55,65,45,https://raw.githubusercontent.com/PokeAPI/sprites/master/sprites/pokemon/76.png
77,ponyta,10,82,50,85,55,65,65,90,https://raw.githubusercontent.com/PokeAPI/sprites/master/sprites/pokemon/77.png
78,rapidash,17,175,65,100,70,80,80,105,https://raw.githubusercontent.com/PokeAPI/sprites/master/sprites/pokemon/78.png
79,slowpoke,12,63,90,65,65,40,40,15,https://raw.githubusercontent.com/PokeAPI/sprites/master/sprites/pokemon/79.png
80,slowbro,16,172,95,75,110,100,80,30,https://raw.githubusercontent.com/PokeAPI/sprites/master/sprites/pokemon/80.png
81,magnemite,3,65,25,35,70,95,55,45,https://raw.githubusercontent.com/PokeAPI/sprites/master/sprites/pokemon/81.png
82,magneton,10,163,50,60,95,120,70,70,https://raw.githubusercontent.com/PokeAPI/sprites/master/sprites/pokemon/82.png
83,farfetchd,8,132,52,90,55,58,62,60,https://raw.githubusercontent.com/PokeAPI/sprites/master/sprites/pokemon/83.png
84,doduo,14,62,35,85,45,35,35,75,https://raw.githubusercontent.com/PokeAPI/sprites/master/sprites/pokemon/84.png
85,dodrio,18,165,60,110,70,60,60,110,https://raw.githubusercontent.com/PokeAPI/sprites/master/sprites/pokemon/85.png
86,seel,11,65,65,45,55,45,70,45,https://raw.githubusercontent.com/PokeAPI/sprites/master/sprites/pokemon/86.png
87,dewgong,17,166,90,70,80,70,95,70,https://raw.githubusercontent.com/PokeAPI/sprites/master/sprites/pokemon/87.png
88,grimer,9,65,80,80,50,40,50,25,https://raw.githubusercontent.com/PokeAPI/sprites/master/sprites/pokemon/88.png
89,muk,12,175,105,105,75,65,100,50,https://raw.githubusercontent.com/PokeAPI/sprites/master/sprites/pokemon/89.png
90,shellder,3,61,30,65,100,45,25,40,https://raw.githubusercontent.com/PokeAPI/sprites/master/sprites/pokemon/90.png
91,cloyster,15,184,50,95,180,85,45,70,https://raw.githubusercontent.com/PokeAPI/sprites/master/sprites/pokemon/91.png
92,gastly,13,62,30,35,30,100,35,80,https://raw.githubusercontent.com/PokeAPI/sprites/master/sprites/pokemon/92.png
93,haunter,16,142,45,50,45,115,55,95,https://raw.githubusercontent.com/PokeAPI/sprites/master/sprites/pokemon/93.png
94,gengar,15,250,60,65,60,130,75,110,https://raw.githubusercontent.com/PokeAPI/sprites/master/sprites/pokemon/94.png
95,onix,88,77,35,45,160,30,45,70,https://raw.githubusercontent.com/PokeAPI/sprites/master/sprites/pokemon/95.png
96,drowzee,10,66,60,48,45,43,90,42,https://raw.githubusercontent.com/PokeAPI/sprites/master/sprites/pokemon/96.png
97,hypno,16,169,85,73,70,73,115,67,https://raw.githubusercontent.com/PokeAPI/sprites/master/sprites/pokemon/97.png
98,krabby,4,65,30,105,90,25,25,50,https://raw.githubusercontent.com/PokeAPI/sprites/master/sprites/pokemon/98.png
99,kingler,13,166,55,130,115,50,50,75,https://raw.githubusercontent.com/PokeAPI/sprites/master/sprites/pokemon/99.png
100,voltorb,5,66,40,30,50,55,55,100,https://raw.githubusercontent.com/PokeAPI/sprites/master/sprites/pokemon/100.png
101,electrode,12,172,60,50,70,80,80,150,https://raw.githubusercontent.com/PokeAPI/sprites/master/sprites/pokemon/101.png
102,exeggcute,4,65,60,40,80,60,45,40,https://raw.githubusercontent.com/PokeAPI/sprites/master/sprites/pokemon/102.png
103,exeggutor,20,186,95,95,85,125,75,55,https://raw.githubusercontent.com/PokeAPI/sprites/master/sprites/pokemon/103.png
104,cubone,4,64,50,50,95,40,50,35,https://raw.githubusercontent.com/PokeAPI/sprites/master/sprites/pokemon/104.png
105,marowak,10,149,60,80,110,50,80,45,https://raw.githubusercontent.com/PokeAPI/sprites/master/sprites/pokemon/105.png
106,hitmonlee,15,159,50,120,53,35,110,87,https://raw.githubusercontent.com/PokeAPI/sprites/master/sprites/pokemon/106.png
107,hitmonchan,14,159,50,105,79,35,110,76,https://raw.githubusercontent.com/PokeAPI/sprites/master/sprites/pokemon/107.png
108,lickitung,12,77,90,55,75,60,75,30,https://raw.githubusercontent.com/PokeAPI/sprites/master/sprites/pokemon/108.png
109,koffing,6,68,40,65,95,60,45,35,https://raw.githubusercontent.com/PokeAPI/sprites/master/sprites/pokemon/109.png
110,weezing,12,172,65,90,120,85,70,60,https://raw.githubusercontent.com/PokeAPI/sprites/master/sprites/pokemon/110.png
111,rhyhorn,10,69,80,85,95,30,30,25,https://raw.githubusercontent.com/PokeAPI/sprites/master/sprites/pokemon/111.png
112,rhydon,19,170,105,130,120,45,45,40,https://raw.githubusercontent.com/PokeAPI/sprites/master/sprites/pokemon/112.png
113,chansey,11,395,250,5,5,35,105,50,https://raw.githubusercontent.com/PokeAPI/sprites/master/sprites/pokemon/113.png
114,tangela,10,87,65,55,115,100,40,60,https://raw.githubusercontent.com/PokeAPI/sprites/master/sprites/pokemon/114.png
115,kangaskhan,22,172,105,95,80,40,80,90,https://raw.githubusercontent.com/PokeAPI/sprites/master/sprites/pokemon/115.png
116,horsea,4,59,30,40,70,70,25,60,https://raw.githubusercontent.com/PokeAPI/sprites/master/sprites/pokemon/116.png
117,seadra,12,154,55,65,95,95,45,85,https://raw.githubusercontent.com/PokeAPI/sprites/master/sprites/pokemon/117.png
118,goldeen,6,64,45,67,60,35,50,63,https://raw.githubusercontent.com/PokeAPI/sprites/master/sprites/pokemon/118.png
119,seaking,13,158,80,92,65,65,80,68,https://raw.githubusercontent.com/PokeAPI/sprites/master/sprites/pokemon/119.png
120,staryu,8,68,30,45,55,70,55,85,https://raw.githubusercontent.com/PokeAPI/sprites/master/sprites/pokemon/120.png
121,starmie,11,182,60,75,85,100,85,115,https://raw.githubusercontent.com/PokeAPI/sprites/master/sprites/pokemon/121.png
122,mr-mime,13,161,40,45,65,100,120,90,https://raw.githubusercontent.com/PokeAPI/sprites/master/sprites/pokemon/122.png
123,scyther,15,100,70,110,80,55,80,105,https://raw.githubusercontent.com/PokeAPI/sprites/master/sprites/pokemon/123.png
124,jynx,14,159,65,50,35,115,95,95,https://raw.githubusercontent.com/PokeAPI/sprites/master/sprites/pokemon/124.png
125,electabuzz,11,172,65,83,57,95,85,105,https://raw.githubusercontent.com/PokeAPI/sprites/master/sprites/pokemon/125.png
126,magmar,13,173,65,95,57,100,85,93,https://raw.githubusercontent.com/PokeAPI/sprites/master/sprites/pokemon/126.png
127,pinsir,15,175,65,125,100,55,70,85,https://raw.githubusercontent.com/PokeAPI/sprites/master/sprites/pokemon/127.png
128,tauros,14,172,75,100,95,40,70,110,https://raw.githubusercontent.com/PokeAPI/sprites/master/sprites/pokemon/128.png
129,magikarp,9,40,20,10,55,15,20,80,https://raw.githubusercontent.com/PokeAPI/sprites/master/sprites/pokemon/129.png
130,gyarados,65,189,95,125,79,60,100,81,https://raw.githubusercontent.com/PokeAPI/sprites/master/sprites/pokemon/130.png
131,lapras,25,187,130,85,80,85,95,60,https://raw.githubusercontent.com/PokeAPI/sprites/master/sprites/pokemon/131.png
132,ditto,3,101,48,48,48,48,48,48,https://raw.githubusercontent.com/PokeAPI/sprites/master/sprites/pokemon/132.png
133,eevee,3,65,55,55,50,45,65,55,https://raw.githubusercontent.com/PokeAPI/sprites/master/sprites/pokemon/133.png
134,vaporeon,10,184,130,65,60,110,95,65,https://raw.githubusercontent.com/PokeAPI/sprites/master/sprites/pokemon/134.png
135,jolteon,8,184,65,65,60,110,95,130,https://raw.githubusercontent.com/PokeAPI/sprites/master/sprites/pokemon/135.png
136,flareon,9,184,65,130,60,95,110,65,https://raw.githubusercontent.com/PokeAPI/sprites/master/sprites/pokemon/136.png
137,porygon,8,79,65,60,70,85,75,40,https://raw.githubusercontent.com/PokeAPI/sprites/master/sprites/pokemon/137.png
138,omanyte,4,71,35,40,100,90,55,35,https://raw.githubusercontent.com/PokeAPI/sprites/master/sprites/pokemon/138.png
139,omastar,10,173,70,60,125,115,70,55,https://raw.githubusercontent.com/PokeAPI/sprites/master/sprites/pokemon/139.png
140,kabuto,5,71,30,80,90,55,45,55,https://raw.githubusercontent.com/PokeAPI/sprites/master/sprites/pokemon/140.png
141,kabutops,13,173,60,115,105,65,70,80,https://raw.githubusercontent.com/PokeAPI/sprites/master/sprites/pokemon/141.png
142,aerodactyl,18,180,80,105,65,60,75,130,https://raw.githubusercontent.com/PokeAPI/sprites/master/sprites/pokemon/142.png
143,snorlax,21,189,160,110,65,65,110,30,https://raw.githubusercontent.com/PokeAPI/sprites/master/sprites/pokemon/143.png
144,articuno,17,290,90,85,100,95,125,85,https://raw.githubusercontent.com/PokeAPI/sprites/master/sprites/pokemon/144.png
145,zapdos,16,290,90,90,85,125,90,100,https://raw.githubusercontent.com/PokeAPI/sprites/master/sprites/pokemon/145.png
146,moltres,20,290,90,100,90,125,85,90,https://raw.githubusercontent.com/PokeAPI/sprites/master/sprites/pokemon/146.png
147,dratini,18,60,41,64,45,50,50,50,https://raw.githubusercontent.com/PokeAPI/sprites/master/sprites/pokemon/147.png
148,dragonair,40,147,61,84,65,70,70,70,https://raw.githubusercontent.com/PokeAPI/sprites/master/sprites/pokemon/148.png
149,dragonite,22,300,91,134,95,100,100,80,https://raw.githubusercontent.com/PokeAPI/sprites/master/sprites/pokemon/149.png
150,mewtwo,20,340,106,110,90,154,90,130,https://raw.githubusercontent.com/PokeAPI/sprites/master/sprites/pokemon/150.png
151,mew,4,300,100,100,100,100,100,100,https://raw.githubusercontent.com/PokeAPI/sprites/master/sprites/pokemon/151.png
152,chikorita,9,64,45,49,65,49,65,45,https://raw.githubusercontent.com/PokeAPI/sprites/master/sprites/pokemon/152.png
153,bayleef,12,142,60,62,80,63,80,60,https://raw.githubusercontent.com/PokeAPI/sprites/master/sprites/pokemon/153.png
154,meganium,18,236,80,82,100,83,100,80,https://raw.githubusercontent.com/PokeAPI/sprites/master/sprites/pokemon/154.png
155,cyndaquil,5,62,39,52,43,60,50,65,https://raw.githubusercontent.com/PokeAPI/sprites/master/sprites/pokemon/155.png
156,quilava,9,142,58,64,58,80,65,80,https://raw.githubusercontent.com/PokeAPI/sprites/master/sprites/pokemon/156.png
157,typhlosion,17,240,78,84,78,109,85,100,https://raw.githubusercontent.com/PokeAPI/sprites/master/sprites/pokemon/157.png
158,totodile,6,63,50,65,64,44,48,43,https://raw.githubusercontent.com/PokeAPI/sprites/master/sprites/pokemon/158.png
159,croconaw,11,142,65,80,80,59,63,58,https://raw.githubusercontent.com/PokeAPI/sprites/master/sprites/pokemon/159.png
160,feraligatr,23,239,85,105,100,79,83,78,https://raw.githubusercontent.com/PokeAPI/sprites/master/sprites/pokemon/160.png
161,sentret,8,43,35,46,34,35,45,20,https://raw.githubusercontent.com/PokeAPI/sprites/master/sprites/pokemon/161.png
162,furret,18,145,85,76,64,45,55,90,https://raw.githubusercontent.com/PokeAPI/sprites/master/sprites/pokemon/162.png
163,hoothoot,7,52,60,30,30,36,56,50,https://raw.githubusercontent.com/PokeAPI/sprites/master/sprites/pokemon/163.png
164,noctowl,16,158,100,50,50,86,96,70,https://raw.githubusercontent.com/PokeAPI/sprites/master/sprites/pokemon/164.png
165,ledyba,10,53,40,20,30,40,80,55,https://raw.githubusercontent.com/PokeAPI/sprites/master/sprites/pokemon/165.png
166,ledian,14,137,55,35,50,55,110,85,https://raw.githubusercontent.com/PokeAPI/sprites/master/sprites/pokemon/166.png
167,spinarak,5,50,40,60,40,40,40,30,https://raw.githubusercontent.com/PokeAPI/sprites/master/sprites/pokemon/167.png
168,ariados,11,140,70,90,70,60,70,40,https://raw.githubusercontent.com/PokeAPI/sprites/master/sprites/pokemon/168.png
169,crobat,18,268,85,90,80,70,80,130,https://raw.githubusercontent.com/PokeAPI/sprites/master/sprites/pokemon/169.png
170,chinchou,5,66,75,38,38,56,56,67,https://raw.githubusercontent.com/PokeAPI/sprites/master/sprites/pokemon/170.png
171,lanturn,12,161,125,58,58,76,76,67,https://raw.githubusercontent.com/PokeAPI/sprites/master/sprites/pokemon/171.png
172,pichu,3,41,20,40,15,35,35,60,https://raw.githubusercontent.com/PokeAPI/sprites/master/sprites/pokemon/172.png
173,cleffa,3,44,50,25,28,45,55,15,https://raw.githubusercontent.com/PokeAPI/sprites/master/sprites/pokemon/173.png
174,igglybuff,3,42,90,30,15,40,20,15,https://raw.githubusercontent.com/PokeAPI/sprites/master/sprites/pokemon/174.png
175,togepi,3,49,35,20,65,40,65,20,https://raw.githubusercontent.com/PokeAPI/sprites/master/sprites/pokemon/175.png
176,togetic,6,142,55,40,85,80,105,40,https://raw.githubusercontent.com/PokeAPI/sprites/master/sprites/pokemon/176.png
177,natu,2,64,40,50,45,70,45,70,https://raw.githubusercontent.com/PokeAPI/sprites/master/sprites/pokemon/177.png
178,xatu,15,165,65,75,70,95,70,95,https://raw.githubusercontent.com/PokeAPI/sprites/master/sprites/pokemon/178.png
179,mareep,6,56,55,40,40,65,45,35,https://raw.githubusercontent.com/PokeAPI/sprites/master/sprites/pokemon/179.png
180,flaaffy,8,128,70,55,55,80,60,45,https://raw.githubusercontent.com/PokeAPI/sprites/master/sprites/pokemon/180.png
181,ampharos,14,230,90,75,85,115,90,55,https://raw.githubusercontent.com/PokeAPI/sprites/master/sprites/pokemon/181.png
182,bellossom,4,245,75,80,95,90,100,50,https://raw.githubusercontent.com/PokeAPI/sprites/master/sprites/pokemon/182.png
183,marill,4,88,70,20,50,20,50,40,https://raw.githubusercontent.com/PokeAPI/sprites/master/sprites/pokemon/183.png
184,azumarill,8,210,100,50,80,60,80,50,https://raw.githubusercontent.com/PokeAPI/sprites/master/sprites/pokemon/184.png
185,sudowoodo,12,144,70,100,115,30,65,30,https://raw.githubusercontent.com/PokeAPI/sprites/master/sprites/pokemon/185.png
186,politoed,11,250,90,75,75,90,100,70,https://raw.githubusercontent.com/PokeAPI/sprites/master/sprites/pokemon/186.png
187,hoppip,4,50,35,35,40,35,55,50,https://raw.githubusercontent.com/PokeAPI/sprites/master/sprites/pokemon/187.png
188,skiploom,6,119,55,45,50,45,65,80,https://raw.githubusercontent.com/PokeAPI/sprites/master/sprites/pokemon/188.png
189,jumpluff,8,207,75,55,70,55,95,110,https://raw.githubusercontent.com/PokeAPI/sprites/master/sprites/pokemon/189.png
190,aipom,8,72,55,70,55,40,55,85,https://raw.githubusercontent.com/PokeAPI/sprites/master/sprites/pokemon/190.png
191,sunkern,3,36,30,30,30,30,30,30,https://raw.githubusercontent.com/PokeAPI/sprites/master/sprites/pokemon/191.png
192,sunflora,8,149,75,75,55,105,85,30,https://raw.githubusercontent.com/PokeAPI/sprites/master/sprites/pokemon/192.png
193,yanma,12,78,65,65,45,75,45,95,https://raw.githubusercontent.com/PokeAPI/sprites/master/sprites/pokemon/193.png
194,wooper,4,42,55,45,45,25,25,15,https://raw.githubusercontent.com/PokeAPI/sprites/master/sprites/pokemon/194.png
195,quagsire,14,151,95,85,85,65,65,35,https://raw.githubusercontent.com/PokeAPI/sprites/master/sprites/pokemon/195.png
196,espeon,9,184,65,65,60,130,95,110,https://raw.githubusercontent.com/PokeAPI/sprites/master/sprites/pokemon/196.png
197,umbreon,10,184,95,65,110,60,130,65,https://raw.githubusercontent.com/PokeAPI/sprites/master/sprites/pokemon/197.png
198,murkrow,5,81,60,85,42,85,42,91,https://raw.githubusercontent.com/PokeAPI/sprites/master/sprites/pokemon/198.png
199,slowking,20,172,95,75,80,100,110,30,https://raw.githubusercontent.com/PokeAPI/sprites/master/sprites/pokemon/199.png
200,misdreavus,7,87,60,60,60,85,85,85,https://raw.githubusercontent.com/PokeAPI/sprites/master/sprites/pokemon/200.png
201,unown,5,118,48,72,48,72,48,48,https://raw.githubusercontent.com/PokeAPI/sprites/master/sprites/pokemon/201.png
202,wobbuffet,13,142,190,33,58,33,58,33,https://raw.githubusercontent.com/PokeAPI/sprites/master/sprites/pokemon/202.png
203,girafarig,15,159,70,80,65,90,65,85,https://raw.githubusercontent.com/PokeAPI/sprites/master/sprites/pokemon/203.png
204,pineco,6,58,50,65,90,35,35,15,https://raw.githubusercontent.com/PokeAPI/sprites/master/sprites/pokemon/204.png
205,forretress,12,163,75,90,140,60,60,40,https://raw.githubusercontent.com/PokeAPI/sprites/master/sprites/pokemon/205.png
206,dunsparce,15,145,100,70,70,65,65,45,https://raw.githubusercontent.com/PokeAPI/sprites/master/sprites/pokemon/206.png
207,gligar,11,86,65,75,105,35,65,85,https://raw.githubusercontent.com/PokeAPI/sprites/master/sprites/pokemon/207.png
208,steelix,92,179,75,85,200,55,65,30,https://raw.githubusercontent.com/PokeAPI/sprites/master/sprites/pokemon/208.png
209,snubbull,6,60,60,80,50,40,40,30,https://raw.githubusercontent.com/PokeAPI/sprites/master/sprites/pokemon/209.png
210,granbull,14,158,90,120,75,60,60,45,https://raw.githubusercontent.com/PokeAPI/sprites/master/sprites/pokemon/210.png
211,qwilfish,5,88,65,95,85,55,55,85,https://raw.githubusercontent.com/PokeAPI/sprites/master/sprites/pokemon/211.png
212,scizor,18,175,70,130,100,55,80,65,https://raw.githubusercontent.com/PokeAPI/sprites/master/sprites/pokemon/212.png
213,shuckle,6,177,20,10,230,10,230,5,https://raw.githubusercontent.com/PokeAPI/sprites/master/sprites/pokemon/213.png
214,heracross,15,175,80,125,75,40,95,85,https://raw.githubusercontent.com/PokeAPI/sprites/master/sprites/pokemon/214.png
215,sneasel,9,86,55,95,55,35,75,115,https://raw.githubusercontent.com/PokeAPI/sprites/master/sprites/pokemon/215.png
216,teddiursa,6,66,60,80,50,50,50,40,https://raw.githubusercontent.com/PokeAPI/sprites/master/sprites/pokemon/216.png
217,ursaring,18,175,90,130,75,75,75,55,https://raw.githubusercontent.com/PokeAPI/sprites/master/sprites/pokemon/217.png
218,slugma,7,50,40,40,40,70,40,20,https://raw.githubusercontent.com/PokeAPI/sprites/master/sprites/pokemon/218.png
219,magcargo,8,151,60,50,120,90,80,30,https://raw.githubusercontent.com/PokeAPI/sprites/master/sprites/pokemon/219.png
220,swinub,4,50,50,50,40,30,30,50,https://raw.githubusercontent.com/PokeAPI/sprites/master/sprites/pokemon/220.png
221,piloswine,11,158,100,100,80,60,60,50,https://raw.githubusercontent.com/PokeAPI/sprites/master/sprites/pokemon/221.png
222,corsola,6,144,65,55,95,65,95,35,https://raw.githubusercontent.com/PokeAPI/sprites/master/sprites/pokemon/222.png
223,remoraid,6,60,35,65,35,65,35,65,https://raw.githubusercontent.com/PokeAPI/sprites/master/sprites/pokemon/223.png
224,octillery,9,168,75,105,75,105,75,45,https://raw.githubusercontent.com/PokeAPI/sprites/master/sprites/pokemon/224.png
225,delibird,9,116,45,55,45,65,45,75,https://raw.githubusercontent.com/PokeAPI/sprites/master/sprites/pokemon/225.png
226,mantine,21,170,85,40,70,80,140,70,https://raw.githubusercontent.com/PokeAPI/sprites/master/sprites/pokemon/226.png
227,skarmory,17,163,65,80,140,40,70,70,https://raw.githubusercontent.com/PokeAPI/sprites/master/sprites/pokemon/227.png
228,houndour,6,66,45,60,30,80,50,65,https://raw.githubusercontent.com/PokeAPI/sprites/master/sprites/pokemon/228.png
229,houndoom,14,175,75,90,50,110,80,95,https://raw.githubusercontent.com/PokeAPI/sprites/master/sprites/pokemon/229.png
230,kingdra,18,270,75,95,95,95,95,85,https://raw.githubusercontent.com/PokeAPI/sprites/master/sprites/pokemon/230.png
231,phanpy,5,66,90,60,60,40,40,40,https://raw.githubusercontent.com/PokeAPI/sprites/master/sprites/pokemon/231.png
232,donphan,11,175,90,120,120,60,60,50,https://raw.githubusercontent.com/PokeAPI/sprites/master/sprites/pokemon/232.png
233,porygon2,6,180,85,80,90,105,95,60,https://raw.githubusercontent.com/PokeAPI/sprites/master/sprites/pokemon/233.png
234,stantler,14,163,73,95,62,85,65,85,https://raw.githubusercontent.com/PokeAPI/sprites/master/sprites/pokemon/234.png
235,smeargle,12,88,55,20,35,20,45,75,https://raw.githubusercontent.com/PokeAPI/sprites/master/sprites/pokemon/235.png
236,tyrogue,7,42,35,35,35,35,35,35,https://raw.githubusercontent.com/PokeAPI/sprites/master/sprites/pokemon/236.png
237,hitmontop,14,159,50,95,95,35,110,70,https://raw.githubusercontent.com/PokeAPI/sprites/master/sprites/pokemon/237.png
238,smoochum,4,61,45,30,15,85,65,65,https://raw.githubusercontent.com/PokeAPI/sprites/master/sprites/pokemon/238.png
239,elekid,6,72,45,63,37,65,55,95,https://raw.githubusercontent.com/PokeAPI/sprites/master/sprites/pokemon/239.png
240,magby,7,73,45,75,37,70,55,83,https://raw.githubusercontent.com/PokeAPI/sprites/master/sprites/pokemon/240.png
241,miltank,12,172,95,80,105,40,70,100,https://raw.githubusercontent.com/PokeAPI/sprites/master/sprites/pokemon/241.png
242,blissey,15,635,255,10,10,75,135,55,https://raw.githubusercontent.com/PokeAPI/sprites/master/sprites/pokemon/242.png
243,raikou,19,290,90,85,75,115,100,115,https://raw.githubusercontent.com/PokeAPI/sprites/master/sprites/pokemon/243.png
244,entei,21,290,115,115,85,90,75,100,https://raw.githubusercontent.com/PokeAPI/sprites/master/sprites/pokemon/244.png
245,suicune,20,290,100,75,115,90,115,85,https://raw.githubusercontent.com/PokeAPI/sprites/master/sprites/pokemon/245.png
246,larvitar,6,60,50,64,50,45,50,41,https://raw.githubusercontent.com/PokeAPI/sprites/master/sprites/pokemon/246.png
247,pupitar,12,144,70,84,70,65,70,51,https://raw.githubusercontent.com/PokeAPI/sprites/master/sprites/pokemon/247.png
248,tyranitar,20,300,100,134,110,95,100,61,https://raw.githubusercontent.com/PokeAPI/sprites/master/sprites/pokemon/248.png
249,lugia,52,340,106,90,130,90,154,110,https://raw.githubusercontent.com/PokeAPI/sprites/master/sprites/pokemon/249.png
250,ho-oh,38,340,106,130,90,110,154,90,https://raw.githubusercontent.com/PokeAPI/sprites/master/sprites/pokemon/250.png
251,celebi,6,300,100,100,100,100,100,100,https://raw.githubusercontent.com/PokeAPI/sprites/master/sprites/pokemon/251.png
252,treecko,5,62,40,45,35,65,55,70,https://raw.githubusercontent.com/PokeAPI/sprites/master/sprites/pokemon/252.png
253,grovyle,9,142,50,65,45,85,65,95,https://raw.githubusercontent.com/PokeAPI/sprites/master/sprites/pokemon/253.png
254,sceptile,17,265,70,85,65,105,85,120,https://raw.githubusercontent.com/PokeAPI/sprites/master/sprites/pokemon/254.png
255,torchic,4,62,45,60,40,70,50,45,https://raw.githubusercontent.com/PokeAPI/sprites/master/sprites/pokemon/255.png
256,combusken,9,142,60,85,60,85,60,55,https://raw.githubusercontent.com/PokeAPI/sprites/master/sprites/pokemon/256.png
257,blaziken,19,265,80,120,70,110,70,80,https://raw.githubusercontent.com/PokeAPI/sprites/master/sprites/pokemon/257.png
258,mudkip,4,62,50,70,50,50,50,40,https://raw.githubusercontent.com/PokeAPI/sprites/master/sprites/pokemon/258.png
259,marshtomp,7,142,70,85,70,60,70,50,https://raw.githubusercontent.com/PokeAPI/sprites/master/sprites/pokemon/259.png
260,swampert,15,268,100,110,90,85,90,60,https://raw.githubusercontent.com/PokeAPI/sprites/master/sprites/pokemon/260.png
261,poochyena,5,56,35,55,35,30,30,35,https://raw.githubusercontent.com/PokeAPI/sprites/master/sprites/pokemon/261.png
262,mightyena,10,147,70,90,70,60,60,70,https://raw.githubusercontent.com/PokeAPI/sprites/master/sprites/pokemon/262.png
263,zigzagoon,4,56,38,30,41,30,41,60,https://raw.githubusercontent.com/PokeAPI/sprites/master/sprites/pokemon/263.png
264,linoone,5,147,78,70,61,50,61,100,https://raw.githubusercontent.com/PokeAPI/sprites/master/sprites/pokemon/264.png
265,wurmple,3,56,45,45,35,20,30,20,https://raw.githubusercontent.com/PokeAPI/sprites/master/sprites/pokemon/265.png
266,silcoon,6,72,50,35,55,25,25,15,https://raw.githubusercontent.com/PokeAPI/sprites/master/sprites/pokemon/266.png
267,beautifly,10,178,60,70,50,100,50,65,https://raw.githubusercontent.com/PokeAPI/sprites/master/sprites/pokemon/267.png
268,cascoon,7,72,50,35,55,25,25,15,https://raw.githubusercontent.com/PokeAPI/sprites/master/sprites/pokemon/268.png
269,dustox,12,173,60,50,70,50,90,65,https://raw.githubusercontent.com/PokeAPI/sprites/master/sprites/pokemon/269.png
270,lotad,5,44,40,30,30,40,50,30,https://raw.githubusercontent.com/PokeAPI/sprites/master/sprites/pokemon/270.png
271,lombre,12,119,60,50,50,60,70,50,https://raw.githubusercontent.com/PokeAPI/sprites/master/sprites/pokemon/271.png
272,ludicolo,15,240,80,70,70,90,100,70,https://raw.githubusercontent.com/PokeAPI/sprites/master/sprites/pokemon/272.png
273,seedot,5,44,40,40,50,30,30,30,https://raw.githubusercontent.com/PokeAPI/sprites/master/sprites/pokemon/273.png
274,nuzleaf,10,119,70,70,40,60,40,60,https://raw.githubusercontent.com/PokeAPI/sprites/master/sprites/pokemon/274.png
275,shiftry,13,240,90,100,60,90,60,80,https://raw.githubusercontent.com/PokeAPI/sprites/master/sprites/pokemon/275.png
276,taillow,3,54,40,55,30,30,30,85,https://raw.githubusercontent.com/PokeAPI/sprites/master/sprites/pokemon/276.png
277,swellow,7,159,60,85,60,75,50,125,https://raw.githubusercontent.com/PokeAPI/sprites/master/sprites/pokemon/277.png
278,wingull,6,54,40,30,30,55,30,85,https://raw.githubusercontent.com/PokeAPI/sprites/master/sprites/pokemon/278.png
279,pelipper,12,154,60,50,100,95,70,65,https://raw.githubusercontent.com/PokeAPI/sprites/master/sprites/pokemon/279.png
280,ralts,4,40,28,25,25,45,35,40,https://raw.githubusercontent.com/PokeAPI/sprites/master/sprites/pokemon/280.png
281,kirlia,8,97,38,35,35,65,55,50,https://raw.githubusercontent.com/PokeAPI/sprites/master/sprites/pokemon/281.png
282,gardevoir,16,259,68,65,65,125,115,80,https://raw.githubusercontent.com/PokeAPI/sprites/master/sprites/pokemon/282.png
283,surskit,5,54,40,30,32,50,52,65,https://raw.githubusercontent.com/PokeAPI/sprites/master/sprites/pokemon/283.png
284,masquerain,8,159,70,60,62,100,82,80,https://raw.githubusercontent.com/PokeAPI/sprites/master/sprites/pokemon/284.png
285,shroomish,4,59,60,40,60,40,60,35,https://raw.githubusercontent.com/PokeAPI/sprites/master/sprites/pokemon/285.png
286,breloom,12,161,60,130,80,60,60,70,https://raw.githubusercontent.com/PokeAPI/sprites/master/sprites/pokemon/286.png
287,slakoth,8,56,60,60,60,35,35,30,https://raw.githubusercontent.com/PokeAPI/sprites/master/sprites/pokemon/287.png
288,vigoroth,14,154,80,80,80,55,55,90,https://raw.githubusercontent.com/PokeAPI/sprites/master/sprites/pokemon/288.png
289,slaking,20,252,150,160,100,95,65,100,https://raw.githubusercontent.com/PokeAPI/sprites/master/sprites/pokemon/289.png
290,nincada,5,53,31,45,90,30,30,40,https://raw.githubusercontent.com/PokeAPI/sprites/master/sprites/pokemon/290.png
291,ninjask,8,160,61,90,45,50,50,160,https://raw.githubusercontent.com/PokeAPI/sprites/master/sprites/pokemon/291.png
292,shedinja,8,83,1,90,45,30,30,40,https://raw.githubusercontent.com/PokeAPI/sprites/master/sprites/pokemon/292.png
293,whismur,6,48,64,51,23,51,23,28,https://raw.githubusercontent.com/PokeAPI/sprites/master/sprites/pokemon/293.png
294,loudred,10,126,84,71,43,71,43,48,https://raw.githubusercontent.com/PokeAPI/sprites/master/sprites/pokemon/294.png
295,exploud,15,245,104,91,63,91,73,68,https://raw.githubusercontent.com/PokeAPI/sprites/master/sprites/pokemon/295.png
296,makuhita,10,47,72,60,30,20,30,25,https://raw.githubusercontent.com/PokeAPI/sprites/master/sprites/pokemon/296.png
297,hariyama,23,166,144,120,60,40,60,50,https://raw.githubusercontent.com/PokeAPI/sprites/master/sprites/pokemon/297.png
298,azurill,2,38,50,20,40,20,40,20,https://raw.githubusercontent.com/PokeAPI/sprites/master/sprites/pokemon/298.png
299,nosepass,10,75,30,45,135,45,90,30,https://raw.githubusercontent.com/PokeAPI/sprites/master/sprites/pokemon/299.png
300,skitty,6,52,50,45,45,35,35,50,https://raw.githubusercontent.com/PokeAPI/sprites/master/sprites/pokemon/300.png
301,delcatty,11,140,70,65,65,55,55,90,https://raw.githubusercontent.com/PokeAPI/sprites/master/sprites/pokemon/301.png
302,sableye,5,133,50,75,75,65,65,50,https://raw.githubusercontent.com/PokeAPI/sprites/master/sprites/pokemon/302.png
303,mawile,6,133,50,85,85,55,55,50,https://raw.githubusercontent.com/PokeAPI/sprites/master/sprites/pokemon/303.png
304,aron,4,66,50,70,100,40,40,30,https://raw.githubusercontent.com/PokeAPI/sprites/master/sprites/pokemon/304.png
305,lairon,9,151,60,90,140,50,50,40,https://raw.githubusercontent.com/PokeAPI/sprites/master/sprites/pokemon/305.png
306,aggron,21,265,70,110,180,60,60,50,https://raw.githubusercontent.com/PokeAPI/sprites/master/sprites/pokemon/306.png
307,meditite,6,56,30,40,55,40,55,60,https://raw.githubusercontent.com/PokeAPI/sprites/master/sprites/pokemon/307.png
308,medicham,13,144,60,60,75,60,75,80,https://raw.githubusercontent.com/PokeAPI/sprites/master/sprites/pokemon/308.png
309,electrike,6,59,40,45,40,65,40,65,https://raw.githubusercontent.com/PokeAPI/sprites/master/sprites/pokemon/309.png
310,manectric,15,166,70,75,60,105,60,105,https://raw.githubusercontent.com/PokeAPI/sprites/master/sprites/pokemon/310.png
311,plusle,4,142,60,50,40,85,75,95,https://raw.githubusercontent.com/PokeAPI/sprites/master/sprites/pokemon/311.png
312,minun,4,142,60,40,50,75,85,95,https://raw.githubusercontent.com/PokeAPI/sprites/master/sprites/pokemon/312.png
313,volbeat,7,151,65,73,75,47,85,85,https://raw.githubusercontent.com/PokeAPI/sprites/master/sprites/pokemon/313.png
314,illumise,6,151,65,47,75,73,85,85,https://raw.githubusercontent.com/PokeAPI/sprites/master/sprites/pokemon/314.png
315,roselia,3,140,50,60,45,100,80,65,https://raw.githubusercontent.com/PokeAPI/sprites/master/sprites/pokemon/315.png
316,gulpin,4,60,70,43,53,43,53,40,https://raw.githubusercontent.com/PokeAPI/sprites/master/sprites/pokemon/316.png
317,swalot,17,163,100,73,83,73,83,55,https://raw.githubusercontent.com/PokeAPI/sprites/master/sprites/pokemon/317.png
318,carvanha,8,61,45,90,20,65,20,65,https://raw.githubusercontent.com/PokeAPI/sprites/master/sprites/pokemon/318.png
319,sharpedo,18,161,70,120,40,95,40,95,https://raw.githubusercontent.com/PokeAPI/sprites/master/sprites/pokemon/319.png
320,wailmer,20,80,130,70,35,70,35,60,https://raw.githubusercontent.com/PokeAPI/sprites/master/sprites/pokemon/320.png
321,wailord,145,175,170,90,45,90,45,60,https://raw.githubusercontent.com/PokeAPI/sprites/master/sprites/pokemon/321.png
322,numel,7,61,60,60,40,65,45,35,https://raw.githubusercontent.com/PokeAPI/sprites/master/sprites/pokemon/322.png
323,camerupt,19,161,70,100,70,105,75,40,https://raw.githubusercontent.com/PokeAPI/sprites/master/sprites/pokemon/323.png
324,torkoal,5,165,70,85,140,85,70,20,https://raw.githubusercontent.com/PokeAPI/sprites/master/sprites/pokemon/324.png
325,spoink,7,66,60,25,35,70,80,60,https://raw.githubusercontent.com/PokeAPI/sprites/master/sprites/pokemon/325.png
326,grumpig,9,165,80,45,65,90,110,80,https://raw.githubusercontent.com/PokeAPI/sprites/master/sprites/pokemon/326.png
327,spinda,11,126,60,60,60,60,60,60,https://raw.githubusercontent.com/PokeAPI/sprites/master/sprites/pokemon/327.png
328,trapinch,7,58,45,100,45,45,45,10,https://raw.githubusercontent.com/PokeAPI/sprites/master/sprites/pokemon/328.png
329,vibrava,11,119,50,70,50,50,50,70,https://raw.githubusercontent.com/PokeAPI/sprites/master/sprites/pokemon/329.png
330,flygon,20,260,80,100,80,80,80,100,https://raw.githubusercontent.com/PokeAPI/sprites/master/sprites/pokemon/330.png
331,cacnea,4,67,50,85,40,85,40,35,https://raw.githubusercontent.com/PokeAPI/sprites/master/sprites/pokemon/331.png
332,cacturne,13,166,70,115,60,115,60,55,https://raw.githubusercontent.com/PokeAPI/sprites/master/sprites/pokemon/332.png
333,swablu,4,62,45,40,60,40,75,50,https://raw.githubusercontent.com/PokeAPI/sprites/master/sprites/pokemon/333.png
334,altaria,11,172,75,70,90,70,105,80,https://raw.githubusercontent.com/PokeAPI/sprites/master/sprites/pokemon/334.png
335,zangoose,13,160,73,115,60,60,60,90,https://raw.githubusercontent.com/PokeAPI/sprites/master/sprites/pokemon/335.png
336,seviper,27,160,73,100,60,100,60,65,https://raw.githubusercontent.com/PokeAPI/sprites/master/sprites/pokemon/336.png
337,lunatone,10,161,90,55,65,95,85,70,https://raw.githubusercontent.com/PokeAPI/sprites/master/sprites/pokemon/337.png
338,solrock,12,161,90,95,85,55,65,70,https://raw.githubusercontent.com/PokeAPI/sprites/master/sprites/pokemon/338.png
339,barboach,4,58,50,48,43,46,41,60,https://raw.githubusercontent.com/PokeAPI/sprites/master/sprites/pokemon/339.png
340,whiscash,9,164,110,78,73,76,71,60,https://raw.githubusercontent.com/PokeAPI/sprites/master/sprites/pokemon/340.png
341,corphish,6,62,43,80,65,50,35,35,https://raw.githubusercontent.com/PokeAPI/sprites/master/sprites/pokemon/341.png
342,crawdaunt,11,164,63,120,85,90,55,55,https://raw.githubusercontent.com/PokeAPI/sprites/master/sprites/pokemon/342.png
343,baltoy,5,60,40,40,55,40,70,55,https://raw.githubusercontent.com/PokeAPI/sprites/master/sprites/pokemon/343.png
344,claydol,15,175,60,70,105,70,120,75,https://raw.githubusercontent.com/PokeAPI/sprites/master/sprites/pokemon/344.png
345,lileep,10,71,66,41,77,61,87,23,https://raw.githubusercontent.com/PokeAPI/sprites/master/sprites/pokemon/345.png
346,cradily,15,173,86,81,97,81,107,43,https://raw.githubusercontent.com/PokeAPI/sprites/master/sprites/pokemon/346.png
347,anorith,7,71,45,95,50,40,50,75,https://raw.githubusercontent.com/PokeAPI/sprites/master/sprites/pokemon/347.png
348,armaldo,15,173,75,125,100,70,80,45,https://raw.githubusercontent.com/PokeAPI/sprites/master/sprites/pokemon/348.png
349,feebas,6,40,20,15,20,10,55,80,https://raw.githubusercontent.com/PokeAPI/sprites/master/sprites/pokemon/349.png
350,milotic,62,189,95,60,79,100,125,81,https://raw.githubusercontent.com/PokeAPI/sprites/master/sprites/pokemon/350.png
351,castform,3,147,70,70,70,70,70,70,https://raw.githubusercontent.com/PokeAPI/sprites/master/sprites/pokemon/351.png
352,kecleon,10,154,60,90,70,60,120,40,https://raw.githubusercontent.com/PokeAPI/sprites/master/sprites/pokemon/352.png
353,shuppet,6,59,44,75,35,63,33,45,https://raw.githubusercontent.com/PokeAPI/sprites/master/sprites/pokemon/353.png
354,banette,11,159,64,115,65,83,63,65,https://raw.githubusercontent.com/PokeAPI/sprites/master/sprites/pokemon/354.png
355,duskull,8,59,20,40,90,30,90,25,https://raw.githubusercontent.com/PokeAPI/sprites/master/sprites/pokemon/355.png
356,dusclops,16,159,40,70,130,60,130,25,https://raw.githubusercontent.com/PokeAPI/sprites/master/sprites/pokemon/356.png
357,tropius,20,161,99,68,83,72,87,51,https://raw.githubusercontent.com/PokeAPI/sprites/master/sprites/pokemon/357.png
358,chimecho,6,159,75,50,80,95,90,65,https://raw.githubusercontent.com/PokeAPI/sprites/master/sprites/pokemon/358.png
359,absol,12,163,65,130,60,75,60,75,https://raw.githubusercontent.com/PokeAPI/sprites/master/sprites/pokemon/359.png
360,wynaut,6,52,95,23,48,23,48,23,https://raw.githubusercontent.com/PokeAPI/sprites/master/sprites/pokemon/360.png
361,snorunt,7,60,50,50,50,50,50,50,https://raw.githubusercontent.com/PokeAPI/sprites/master/sprites/pokemon/361.png
362,glalie,15,168,80,80,80,80,80,80,https://raw.githubusercontent.com/PokeAPI/sprites/master/sprites/pokemon/362.png
363,spheal,8,58,70,40,50,55,50,25,https://raw.githubusercontent.com/PokeAPI/sprites/master/sprites/pokemon/363.png
364,sealeo,11,144,90,60,70,75,70,45,https://raw.githubusercontent.com/PokeAPI/sprites/master/sprites/pokemon/364.png
365,walrein,14,265,110,80,90,95,90,65,https://raw.githubusercontent.com/PokeAPI/sprites/master/sprites/pokemon/365.png
366,clamperl,4,69,35,64,85,74,55,32,https://raw.githubusercontent.com/PokeAPI/sprites/master/sprites/pokemon/366.png
367,huntail,17,170,55,104,105,94,75,52,https://raw.githubusercontent.com/PokeAPI/sprites/master/sprites/pokemon/367.png
368,gorebyss,18,170,55,84,105,114,75,52,https://raw.githubusercontent.com/PokeAPI/sprites/master/sprites/pokemon/368.png
369,relicanth,10,170,100,90,130,45,65,55,https://raw.githubusercontent.com/PokeAPI/sprites/master/sprites/pokemon/369.png
370,luvdisc,6,116,43,30,55,40,65,97,https://raw.githubusercontent.com/PokeAPI/sprites/master/sprites/pokemon/370.png
371,bagon,6,60,45,75,60,40,30,50,https://raw.githubusercontent.com/PokeAPI/sprites/master/sprites/pokemon/371.png
372,shelgon,11,147,65,95,100,60,50,50,https://raw.githubusercontent.com/PokeAPI/sprites/master/sprites/pokemon/372.png
373,salamence,15,300,95,135,80,110,80,100,https://raw.githubusercontent.com/PokeAPI/sprites/master/sprites/pokemon/373.png
374,beldum,6,60,40,55,80,35,60,30,https://raw.githubusercontent.com/PokeAPI/sprites/master/sprites/pokemon/374.png
375,metang,12,147,60,75,100,55,80,50,https://raw.githubusercontent.com/PokeAPI/sprites/master/sprites/pokemon/375.png
376,metagross,16,300,80,135,130,95,90,70,https://raw.githubusercontent.com/PokeAPI/sprites/master/sprites/pokemon/376.png
377,regirock,17,290,80,100,200,50,100,50,https://raw.githubusercontent.com/PokeAPI/sprites/master/sprites/pokemon/377.png
378,regice,18,290,80,50,100,100,200,50,https://raw.githubusercontent.com/PokeAPI/sprites/master/sprites/pokemon/378.png
379,registeel,19,290,80,75,150,75,150,50,https://raw.githubusercontent.com/PokeAPI/sprites/master/sprites/pokemon/379.png
380,latias,14,300,80,80,90,110,130,110,https://raw.githubusercontent.com/PokeAPI/sprites/master/sprites/pokemon/380.png
381,latios,20,300,80,90,80,130,110,110,https://raw.githubusercontent.com/PokeAPI/sprites/master/sprites/pokemon/381.png
382,kyogre,45,335,100,100,90,150,140,90,https://raw.githubusercontent.com/PokeAPI/sprites/master/sprites/pokemon/382.png
383,groudon,35,335,100,150,140,100,90,90,https://raw.githubusercontent.com/PokeAPI/sprites/master/sprites/pokemon/383.png
384,rayquaza,70,340,105,150,90,150,90,95,https://raw.githubusercontent.com/PokeAPI/sprites/master/sprites/pokemon/384.png
385,jirachi,3,300,100,100,100,100,100,100,https://raw.githubusercontent.com/PokeAPI/sprites/master/sprites/pokemon/385.png
386,deoxys-normal,17,270,50,150,50,150,50,150,https://raw.githubusercontent.com/PokeAPI/sprites/master/sprites/pokemon/386.png
387,turtwig,4,64,55,68,64,45,55,31,https://raw.githubusercontent.com/PokeAPI/sprites/master/sprites/pokemon/387.png
388,grotle,11,142,75,89,85,55,65,36,https://raw.githubusercontent.com/PokeAPI/sprites/master/sprites/pokemon/388.png
389,torterra,22,236,95,109,105,75,85,56,https://raw.githubusercontent.com/PokeAPI/sprites/master/sprites/pokemon/389.png
390,chimchar,5,62,44,58,44,58,44,61,https://raw.githubusercontent.com/PokeAPI/sprites/master/sprites/pokemon/390.png
391,monferno,9,142,64,78,52,78,52,81,https://raw.githubusercontent.com/PokeAPI/sprites/master/sprites/pokemon/391.png
392,infernape,12,240,76,104,71,104,71,108,https://raw.githubusercontent.com/PokeAPI/sprites/master/sprites/pokemon/392.png
393,piplup,4,63,53,51,53,61,56,40,https://raw.githubusercontent.com/PokeAPI/sprites/master/sprites/pokemon/393.png
394,prinplup,8,142,64,66,68,81,76,50,https://raw.githubusercontent.com/PokeAPI/sprites/master/sprites/pokemon/394.png
395,empoleon,17,239,84,86,88,111,101,60,https://raw.githubusercontent.com/PokeAPI/sprites/master/sprites/pokemon/395.png
396,starly,3,49,40,55,30,30,30,60,https://raw.githubusercontent.com/PokeAPI/sprites/master/sprites/pokemon/396.png
397,staravia,6,119,55,75,50,40,40,80,https://raw.githubusercontent.com/PokeAPI/sprites/master/sprites/pokemon/397.png
398,staraptor,12,218,85,120,70,50,60,100,https://raw.githubusercontent.com/PokeAPI/sprites/master/sprites/pokemon/398.png
399,bidoof,5,50,59,45,40,35,40,31,https://raw.githubusercontent.com/PokeAPI/sprites/master/sprites/pokemon/399.png
400,bibarel,10,144,79,85,60,55,60,71,https://raw.githubusercontent.com/PokeAPI/sprites/master/sprites/pokemon/400.png
401,kricketot,3,39,37,25,41,25,41,25,https://raw.githubusercontent.com/PokeAPI/sprites/master/sprites/pokemon/401.png
402,kricketune,10,134,77,85,51,55,51,65,https://raw.githubusercontent.com/PokeAPI/sprites/master/sprites/pokemon/402.png
403,shinx,5,53,45,65,34,40,34,45,https://raw.githubusercontent.com/PokeAPI/sprites/master/sprites/pokemon/403.png
404,luxio,9,127,60,85,49,60,49,60,https://raw.githubusercontent.com/PokeAPI/sprites/master/sprites/pokemon/404.png
405,luxray,14,262,80,120,79,95,79,70,https://raw.githubusercontent.com/PokeAPI/sprites/master/sprites/pokemon/405.png
406,budew,2,56,40,30,35,50,70,55,https://raw.githubusercontent.com/PokeAPI/sprites/master/sprites/pokemon/406.png
407,roserade,9,258,60,70,65,125,105,90,https://raw.githubusercontent.com/PokeAPI/sprites/master/sprites/pokemon/407.png
408,cranidos,9,70,67,125,40,30,30,58,https://raw.githubusercontent.com/PokeAPI/sprites/master/sprites/pokemon/408.png
409,rampardos,16,173,97,165,60,65,50,58,https://raw.githubusercontent.com/PokeAPI/sprites/master/sprites/pokemon/409.png
410,shieldon,5,70,30,42,118,42,88,30,https://raw.githubusercontent.com/PokeAPI/sprites/master/sprites/pokemon/410.png
411,bastiodon,13,173,60,52,168,47,138,30,https://raw.githubusercontent.com/PokeAPI/sprites/master/sprites/pokemon/411.png
412,burmy,2,45,40,29,45,29,45,36,https://raw.githubusercontent.com/PokeAPI/sprites/master/sprites/pokemon/412.png
413,wormadam-plant,5,148,60,59,85,79,105,36,https://raw.githubusercontent.com/PokeAPI/sprites/master/sprites/pokemon/413.png
414,mothim,9,148,70,94,50,94,50,66,https://raw.githubusercontent.com/PokeAPI/sprites/master/sprites/pokemon/414.png
415,combee,3,49,30,30,42,30,42,70,https://raw.githubusercontent.com/PokeAPI/sprites/master/sprites/pokemon/415.png
416,vespiquen,12,166,70,80,102,80,102,40,https://raw.githubusercontent.com/PokeAPI/sprites/master/sprites/pokemon/416.png
417,pachirisu,4,142,60,45,70,45,90,95,https://raw.githubusercontent.com/PokeAPI/sprites/master/sprites/pokemon/417.png
418,buizel,7,66,55,65,35,60,30,85,https://raw.githubusercontent.com/PokeAPI/sprites/master/sprites/pokemon/418.png
419,floatzel,11,173,85,105,55,85,50,115,https://raw.githubusercontent.com/PokeAPI/sprites/master/sprites/pokemon/419.png
420,cherubi,4,55,45,35,45,62,53,35,https://raw.githubusercontent.com/PokeAPI/sprites/master/sprites/pokemon/420.png
421,cherrim,5,158,70,60,70,87,78,85,https://raw.githubusercontent.com/PokeAPI/sprites/master/sprites/pokemon/421.png
422,shellos,3,65,76,48,48,57,62,34,https://raw.githubusercontent.com/PokeAPI/sprites/master/sprites/pokemon/422.png
423,gastrodon,9,166,111,83,68,92,82,39,https://raw.githubusercontent.com/PokeAPI/sprites/master/sprites/pokemon/423.png
424,ambipom,12,169,75,100,66,60,66,115,https://raw.githubusercontent.com/PokeAPI/sprites/master/sprites/pokemon/424.png
425,drifloon,4,70,90,50,34,60,44,70,https://raw.githubusercontent.com/PokeAPI/sprites/master/sprites/pokemon/425.png
426,drifblim,12,174,150,80,44,90,54,80,https://raw.githubusercontent.com/PokeAPI/sprites/master/sprites/pokemon/426.png
427,buneary,4,70,55,66,44,44,56,85,https://raw.githubusercontent.com/PokeAPI/sprites/master/sprites/pokemon/427.png
428,lopunny,12,168,65,76,84,54,96,105,https://raw.githubusercontent.com/PokeAPI/sprites/master/sprites/pokemon/428.png
429,mismagius,9,173,60,60,60,105,105,105,https://raw.githubusercontent.com/PokeAPI/sprites/master/sprites/pokemon/429.png
430,honchkrow,9,177,100,125,52,105,52,71,https://raw.githubusercontent.com/PokeAPI/sprites/master/sprites/pokemon/430.png
431,glameow,5,62,49,55,42,42,37,85,https://raw.githubusercontent.com/PokeAPI/sprites/master/sprites/pokemon/431.png
432,purugly,10,158,71,82,64,64,59,112,https://raw.githubusercontent.com/PokeAPI/sprites/master/sprites/pokemon/432.png
433,chingling,2,57,45,30,50,65,50,45,https://raw.githubusercontent.com/PokeAPI/sprites/master/sprites/pokemon/433.png
434,stunky,4,66,63,63,47,41,41,74,https://raw.githubusercontent.com/PokeAPI/sprites/master/sprites/pokemon/434.png
435,skuntank,10,168,103,93,67,71,61,84,https://raw.githubusercontent.com/PokeAPI/sprites/master/sprites/pokemon/435.png
436,bronzor,5,60,57,24,86,24,86,23,https://raw.githubusercontent.com/PokeAPI/sprites/master/sprites/pokemon/436.png
437,bronzong,13,175,67,89,116,79,116,33,https://raw.githubusercontent.com/PokeAPI/sprites/master/sprites/pokemon/437.png
438,bonsly,5,58,50,80,95,10,45,10,https://raw.githubusercontent.com/PokeAPI/sprites/master/sprites/pokemon/438.png
439,mime-jr,6,62,20,25,45,70,90,60,https://raw.githubusercontent.com/PokeAPI/sprites/master/sprites/pokemon/439.png
440,happiny,6,110,100,5,5,15,65,30,https://raw.githubusercontent.com/PokeAPI/sprites/master/sprites/pokemon/440.png
441,chatot,5,144,76,65,45,92,42,91,https://raw.githubusercontent.com/PokeAPI/sprites/master/sprites/pokemon/441.png
442,spiritomb,10,170,50,92,108,92,108,35,https://raw.githubusercontent.com/PokeAPI/sprites/master/sprites/pokemon/442.png
443,gible,7,60,58,70,45,40,45,42,https://raw.githubusercontent.com/PokeAPI/sprites/master/sprites/pokemon/443.png
444,gabite,14,144,68,90,65,50,55,82,https://raw.githubusercontent.com/PokeAPI/sprites/master/sprites/pokemon/444.png
445,garchomp,19,300,108,130,95,80,85,102,https://raw.githubusercontent.com/PokeAPI/sprites/master/sprites/pokemon/445.png
446,munchlax,6,78,135,85,40,40,85,5,https://raw.githubusercontent.com/PokeAPI/sprites/master/sprites/pokemon/446.png
447,riolu,7,57,40,70,40,35,40,60,https://raw.githubusercontent.com/PokeAPI/sprites/master/sprites/pokemon/447.png
448,lucario,12,184,70,110,70,115,70,90,https://raw.githubusercontent.com/PokeAPI/sprites/master/sprites/pokemon/448.png
449,hippopotas,8,66,68,72,78,38,42,32,https://raw.githubusercontent.com/PokeAPI/sprites/master/sprites/pokemon/449.png
450,hippowdon,20,184,108,112,118,68,72,47,https://raw.githubusercontent.com/PokeAPI/sprites/master/sprites/pokemon/450.png
451,skorupi,8,66,40,50,90,30,55,65,https://raw.githubusercontent.com/PokeAPI/sprites/master/sprites/pokemon/451.png
452,drapion,13,175,70,90,110,60,75,95,https://raw.githubusercontent.com/PokeAPI/sprites/master/sprites/pokemon/452.png
453,croagunk,7,60,48,61,40,61,40,50,https://raw.githubusercontent.com/PokeAPI/sprites/master/sprites/pokemon/453.png
454,toxicroak,13,172,83,106,65,86,65,85,https://raw.githubusercontent.com/PokeAPI/sprites/master/sprites/pokemon/454.png
455,carnivine,14,159,74,100,72,90,72,46,https://raw.githubusercontent.com/PokeAPI/sprites/master/sprites/pokemon/455.png
456,finneon,4,66,49,49,56,49,61,66,https://raw.githubusercontent.com/PokeAPI/sprites/master/sprites/pokemon/456.png
457,lumineon,12,161,69,69,76,69,86,91,https://raw.githubusercontent.com/PokeAPI/sprites/master/sprites/pokemon/457.png
458,mantyke,10,69,45,20,50,60,120,50,https://raw.githubusercontent.com/PokeAPI/sprites/master/sprites/pokemon/458.png
459,snover,10,67,60,62,50,62,60,40,https://raw.githubusercontent.com/PokeAPI/sprites/master/sprites/pokemon/459.png
460,abomasnow,22,173,90,92,75,92,85,60,https://raw.githubusercontent.com/PokeAPI/sprites/master/sprites/pokemon/460.png
461,weavile,11,179,70,120,65,45,85,125,https://raw.githubusercontent.com/PokeAPI/sprites/master/sprites/pokemon/461.png
462,magnezone,12,268,70,70,115,130,90,60,https://raw.githubusercontent.com/PokeAPI/sprites/master/sprites/pokemon/462.png
463,lickilicky,17,180,110,85,95,80,95,50,https://raw.githubusercontent.com/PokeAPI/sprites/master/sprites/pokemon/463.png
464,rhyperior,24,268,115,140,130,55,55,40,https://raw.githubusercontent.com/PokeAPI/sprites/master/sprites/pokemon/464.png
465,tangrowth,20,187,100,100,125,110,50,50,https://raw.githubusercontent.com/PokeAPI/sprites/master/sprites/pokemon/465.png
466,electivire,18,270,75,123,67,95,85,95,https://raw.githubusercontent.com/PokeAPI/sprites/master/sprites/pokemon/466.png
467,magmortar,16,270,75,95,67,125,95,83,https://raw.githubusercontent.com/PokeAPI/sprites/master/sprites/pokemon/467.png
468,togekiss,15,273,85,50,95,120,115,80,https://raw.githubusercontent.com/PokeAPI/sprites/master/sprites/pokemon/468.png
469,yanmega,19,180,86,76,86,116,56,95,https://raw.githubusercontent.com/PokeAPI/sprites/master/sprites/pokemon/469.png
470,leafeon,10,184,65,110,130,60,65,95,https://raw.githubusercontent.com/PokeAPI/sprites/master/sprites/pokemon/470.png
471,glaceon,8,184,65,60,110,130,95,65,https://raw.githubusercontent.com/PokeAPI/sprites/master/sprites/pokemon/471.png
472,gliscor,20,179,75,95,125,45,75,95,https://raw.githubusercontent.com/PokeAPI/sprites/master/sprites/pokemon/472.png
473,mamoswine,25,265,110,130,80,70,60,80,https://raw.githubusercontent.com/PokeAPI/sprites/master/sprites/pokemon/473.png
474,porygon-z,9,268,85,80,70,135,75,90,https://raw.githubusercontent.com/PokeAPI/sprites/master/sprites/pokemon/474.png
475,gallade,16,259,68,125,65,65,115,80,https://raw.githubusercontent.com/PokeAPI/sprites/master/sprites/pokemon/475.png
476,probopass,14,184,60,55,145,75,150,40,https://raw.githubusercontent.com/PokeAPI/sprites/master/sprites/pokemon/476.png
477,dusknoir,22,263,45,100,135,65,135,45,https://raw.githubusercontent.com/PokeAPI/sprites/master/sprites/pokemon/477.png
478,froslass,13,168,70,80,70,80,70,110,https://raw.githubusercontent.com/PokeAPI/sprites/master/sprites/pokemon/478.png
479,rotom,3,154,50,50,77,95,77,91,https://raw.githubusercontent.com/PokeAPI/sprites/master/sprites/pokemon/479.png
480,uxie,3,290,75,75,130,75,130,95,https://raw.githubusercontent.com/PokeAPI/sprites/master/sprites/pokemon/480.png
481,mesprit,3,290,80,105,105,105,105,80,https://raw.githubusercontent.com/PokeAPI/sprites/master/sprites/pokemon/481.png
482,azelf,3,290,75,125,70,125,70,115,https://raw.githubusercontent.com/PokeAPI/sprites/master/sprites/pokemon/482.png
483,dialga,54,340,100,120,120,150,100,90,https://raw.githubusercontent.com/PokeAPI/sprites/master/sprites/pokemon/483.png
484,palkia,42,340,90,120,100,150,120,100,https://raw.githubusercontent.com/PokeAPI/sprites/master/sprites/pokemon/484.png
485,heatran,17,300,91,90,106,130,106,77,https://raw.githubusercontent.com/PokeAPI/sprites/master/sprites/pokemon/485.png
486,regigigas,37,335,110,160,110,80,110,100,https://raw.githubusercontent.com/PokeAPI/sprites/master/sprites/pokemon/486.png
487,giratina-altered,45,340,150,100,120,100,120,90,https://raw.githubusercontent.com/PokeAPI/sprites/master/sprites/pokemon/487.png
488,cresselia,15,300,120,70,120,75,130,85,https://raw.githubusercontent.com/PokeAPI/sprites/master/sprites/pokemon/488.png
489,phione,4,216,80,80,80,80,80,80,https://raw.githubusercontent.com/PokeAPI/sprites/master/sprites/pokemon/489.png
490,manaphy,3,270,100,100,100,100,100,100,https://raw.githubusercontent.com/PokeAPI/sprites/master/sprites/pokemon/490.png
491,darkrai,15,270,70,90,90,135,90,125,https://raw.githubusercontent.com/PokeAPI/sprites/master/sprites/pokemon/491.png
492,shaymin-land,2,270,100,100,100,100,100,100,https://raw.githubusercontent.com/PokeAPI/sprites/master/sprites/pokemon/492.png
493,arceus,32,324,120,120,120,120,120,120,https://raw.githubusercontent.com/PokeAPI/sprites/master/sprites/pokemon/493.png
494,victini,4,300,100,100,100,100,100,100,https://raw.githubusercontent.com/PokeAPI/sprites/master/sprites/pokemon/494.png
495,snivy,6,62,45,45,55,45,55,63,https://raw.githubusercontent.com/PokeAPI/sprites/master/sprites/pokemon/495.png
496,servine,8,145,60,60,75,60,75,83,https://raw.githubusercontent.com/PokeAPI/sprites/master/sprites/pokemon/496.png
497,serperior,33,238,75,75,95,75,95,113,https://raw.githubusercontent.com/PokeAPI/sprites/master/sprites/pokemon/497.png
498,tepig,5,62,65,63,45,45,45,45,https://raw.githubusercontent.com/PokeAPI/sprites/master/sprites/pokemon/498.png
499,pignite,10,146,90,93,55,70,55,55,https://raw.githubusercontent.com/PokeAPI/sprites/master/sprites/pokemon/499.png
500,emboar,16,238,110,123,65,100,65,65,https://raw.githubusercontent.com/PokeAPI/sprites/master/sprites/pokemon/500.png
501,oshawott,5,62,55,55,45,63,45,45,https://raw.githubusercontent.com/PokeAPI/sprites/master/sprites/pokemon/501.png
502,dewott,8,145,75,75,60,83,60,60,https://raw.githubusercontent.com/PokeAPI/sprites/master/sprites/pokemon/502.png
503,samurott,15,238,95,100,85,108,70,70,https://raw.githubusercontent.com/PokeAPI/sprites/master/sprites/pokemon/503.png
504,patrat,5,51,45,55,39,35,39,42,https://raw.githubusercontent.com/PokeAPI/sprites/master/sprites/pokemon/504.png
505,watchog,11,147,60,85,69,60,69,77,https://raw.githubusercontent.com/PokeAPI/sprites/master/sprites/pokemon/505.png
506,lillipup,4,55,45,60,45,25,45,55,https://raw.githubusercontent.com/PokeAPI/sprites/master/sprites/pokemon/506.png
507,herdier,9,130,65,80,65,35,65,60,https://raw.githubusercontent.com/PokeAPI/sprites/master/sprites/pokemon/507.png
508,stoutland,12,250,85,110,90,45,90,80,https://raw.githubusercontent.com/PokeAPI/sprites/master/sprites/pokemon/508.png
509,purrloin,4,56,41,50,37,50,37,66,https://raw.githubusercontent.com/PokeAPI/sprites/master/sprites/pokemon/509.png
510,liepard,11,156,64,88,50,88,50,106,https://raw.githubusercontent.com/PokeAPI/sprites/master/sprites/pokemon/510.png
511,pansage,6,63,50,53,48,53,48,64,https://raw.githubusercontent.com/PokeAPI/sprites/master/sprites/pokemon/511.png
512,simisage,11,174,75,98,63,98,63,101,https://raw.githubusercontent.com/PokeAPI/sprites/master/sprites/pokemon/512.png
513,pansear,6,63,50,53,48,53,48,64,https://raw.githubusercontent.com/PokeAPI/sprites/master/sprites/pokemon/513.png
514,simisear,10,174,75,98,63,98,63,101,https://raw.githubusercontent.com/PokeAPI/sprites/master/sprites/pokemon/514.png
515,panpour,6,63,50,53,48,53,48,64,https://raw.githubusercontent.com/PokeAPI/sprites/master/sprites/pokemon/515.png
516,simipour,10,174,75,98,63,98,63,101,https://raw.githubusercontent.com/PokeAPI/sprites/master/sprites/pokemon/516.png
517,munna,6,58,76,25,45,67,55,24,https://raw.githubusercontent.com/PokeAPI/sprites/master/sprites/pokemon/517.png
518,musharna,11,170,116,55,85,107,95,29,https://raw.githubusercontent.com/PokeAPI/sprites/master/sprites/pokemon/518.png
519,pidove,3,53,50,55,50,36,30,43,https://raw.githubusercontent.com/PokeAPI/sprites/master/sprites/pokemon/519.png
520,tranquill,6,125,62,77,62,50,42,65,https://raw.githubusercontent.com/PokeAPI/sprites/master/sprites/pokemon/520.png
521,unfezant,12,244,80,115,80,65,55,93,https://raw.githubusercontent.com/PokeAPI/sprites/master/sprites/pokemon/521.png
522,blitzle,8,59,45,60,32,50,32,76,https://raw.githubusercontent.com/PokeAPI/sprites/master/sprites/pokemon/522.png
523,zebstrika,16,174,75,100,63,80,63,116,https://raw.githubusercontent.com/PokeAPI/sprites/master/sprites/pokemon/523.png
524,roggenrola,4,56,55,75,85,25,25,15,https://raw.githubusercontent.com/PokeAPI/sprites/master/sprites/pokemon/524.png
525,boldore,9,137,70,105,105,50,40,20,https://raw.githubusercontent.com/PokeAPI/sprites/master/sprites/pokemon/525.png
526,gigalith,17,258,85,135,130,60,80,25,https://raw.githubusercontent.com/PokeAPI/sprites/master/sprites/pokemon/526.png
527,woobat,4,65,65,45,43,55,43,72,https://raw.githubusercontent.com/PokeAPI/sprites/master/sprites/pokemon/527.png
528,swoobat,9,149,67,57,55,77,55,114,https://raw.githubusercontent.com/PokeAPI/sprites/master/sprites/pokemon/528.png
529,drilbur,3,66,60,85,40,30,45,68,https://raw.githubusercontent.com/PokeAPI/sprites/master/sprites/pokemon/529.png
530,excadrill,7,178,110,135,60,50,65,88,https://raw.githubusercontent.com/PokeAPI/sprites/master/sprites/pokemon/530.png
531,audino,11,390,103,60,86,60,86,50,https://raw.githubusercontent.com/PokeAPI/sprites/master/sprites/pokemon/531.png
532,timburr,6,61,75,80,55,25,35,35,https://raw.githubusercontent.com/PokeAPI/sprites/master/sprites/pokemon/532.png
533,gurdurr,12,142,85,105,85,40,50,40,https://raw.githubusercontent.com/PokeAPI/sprites/master/sprites/pokemon/533.png
534,conkeldurr,14,253,105,140,95,55,65,45,https://raw.githubusercontent.com/PokeAPI/sprites/master/sprites/pokemon/534.png
535,tympole,5,59,50,50,40,50,40,64,https://raw.githubusercontent.com/PokeAPI/sprites/master/sprites/pokemon/535.png
536,palpitoad,8,134,75,65,55,65,55,69,https://raw.githubusercontent.com/PokeAPI/sprites/master/sprites/pokemon/536.png
537,seismitoad,15,255,105,95,75,85,75,74,https://raw.githubusercontent.com/PokeAPI/sprites/master/sprites/pokemon/537.png
538,throh,13,163,120,100,85,30,85,45,https://raw.githubusercontent.com/PokeAPI/sprites/master/sprites/pokemon/538.png
539,sawk,14,163,75,125,75,30,75,85,https://raw.githubusercontent.com/PokeAPI/sprites/master/sprites/pokemon/539.png
540,sewaddle,3,62,45,53,70,40,60,42,https://raw.githubusercontent.com/PokeAPI/sprites/master/sprites/pokemon/540.png
541,swadloon,5,133,55,63,90,50,80,42,https://raw.githubusercontent.com/PokeAPI/sprites/master/sprites/pokemon/541.png
542,leavanny,12,225,75,103,80,70,80,92,https://raw.githubusercontent.com/PokeAPI/sprites/master/sprites/pokemon/542.png
543,venipede,4,52,30,45,59,30,39,57,https://raw.githubusercontent.com/PokeAPI/sprites/master/sprites/pokemon/543.png
544,whirlipede,12,126,40,55,99,40,79,47,https://raw.githubusercontent.com/PokeAPI/sprites/master/sprites/pokemon/544.png
545,scolipede,25,243,60,100,89,55,69,112,https://raw.githubusercontent.com/PokeAPI/sprites/master/sprites/pokemon/545.png
546,cottonee,3,56,40,27,60,37,50,66,https://raw.githubusercontent.com/PokeAPI/sprites/master/sprites/pokemon/546.png
547,whimsicott,7,168,60,67,85,77,75,116,https://raw.githubusercontent.com/PokeAPI/sprites/master/sprites/pokemon/547.png
548,petilil,5,56,45,35,50,70,50,30,https://raw.githubusercontent.com/PokeAPI/sprites/master/sprites/pokemon/548.png
549,lilligant,11,168,70,60,75,110,75,90,https://raw.githubusercontent.com/PokeAPI/sprites/master/sprites/pokemon/549.png
550,basculin-red-striped,10,161,70,92,65,80,55,98,https://raw.githubusercontent.com/PokeAPI/sprites/master/sprites/pokemon/550.png
551,sandile,7,58,50,72,35,35,35,65,https://raw.githubusercontent.com/PokeAPI/sprites/master/sprites/pokemon/551.png
552,krokorok,10,123,60,82,45,45,45,74,https://raw.githubusercontent.com/PokeAPI/sprites/master/sprites/pokemon/552.png
553,krookodile,15,260,95,117,80,65,70,92,https://raw.githubusercontent.com/PokeAPI/sprites/master/sprites/pokemon/553.png
554,darumaka,6,63,70,90,45,15,45,50,https://raw.githubusercontent.com/PokeAPI/sprites/master/sprites/pokemon/554.png
555,darmanitan-standard,13,168,105,140,55,30,55,95,https://raw.githubusercontent.com/PokeAPI/sprites/master/sprites/pokemon/555.png
556,maractus,10,161,75,86,67,106,67,60,https://raw.githubusercontent.com/PokeAPI/sprites/master/sprites/pokemon/556.png
557,dwebble,3,65,50,65,85,35,35,55,https://raw.githubusercontent.com/PokeAPI/sprites/master/sprites/pokemon/557.png
558,crustle,14,170,70,105,125,65,75,45,https://raw.githubusercontent.com/PokeAPI/sprites/master/sprites/pokemon/558.png
559,scraggy,6,70,50,75,70,35,70,48,https://raw.githubusercontent.com/PokeAPI/sprites/master/sprites/pokemon/559.png
560,scrafty,11,171,65,90,115,45,115,58,https://raw.githubusercontent.com/PokeAPI/sprites/master/sprites/pokemon/560.png
561,sigilyph,14,172,72,58,80,103,80,97,https://raw.githubusercontent.com/PokeAPI/sprites/master/sprites/pokemon/561.png
562,yamask,5,61,38,30,85,55,65,30,https://raw.githubusercontent.com/PokeAPI/sprites/master/sprites/pokemon/562.png
563,cofagrigus,17,169,58,50,145,95,105,30,https://raw.githubusercontent.com/PokeAPI/sprites/master/sprites/pokemon/563.png
564,tirtouga,7,71,54,78,103,53,45,22,https://raw.githubusercontent.com/PokeAPI/sprites/master/sprites/pokemon/564.png
565,carracosta,12,173,74,108,133,83,65,32,https://raw.githubusercontent.com/PokeAPI/sprites/master/sprites/pokemon/565.png
566,archen,5,71,55,112,45,74,45,70,https://raw.githubusercontent.com/PokeAPI/sprites/master/sprites/pokemon/566.png
567,archeops,14,177,75,140,65,112,65,110,https://raw.githubusercontent.com/PokeAPI/sprites/master/sprites/pokemon/567.png
568,trubbish,6,66,50,50,62,40,62,65,https://raw.githubusercontent.com/PokeAPI/sprites/master/sprites/pokemon/568.png
569,garbodor,19,166,80,95,82,60,82,75,https://raw.githubusercontent.com/PokeAPI/sprites/master/sprites/pokemon/569.png
570,zorua,7,66,40,65,40,80,40,65,https://raw.githubusercontent.com/PokeAPI/sprites/master/sprites/pokemon/570.png
571,zoroark,16,179,60,105,60,120,60,105,https://raw.githubusercontent.com/PokeAPI/sprites/master/sprites/pokemon/571.png
572,minccino,4,60,55,50,40,40,40,75,https://raw.githubusercontent.com/PokeAPI/sprites/master/sprites/pokemon/572.png
573,cinccino,5,165,75,95,60,65,60,115,https://raw.githubusercontent.com/PokeAPI/sprites/master/sprites/pokemon/573.png
574,gothita,4,58,45,30,50,55,65,45,https://raw.githubusercontent.com/PokeAPI/sprites/master/sprites/pokemon/574.png
575,gothorita,7,137,60,45,70,75,85,55,https://raw.githubusercontent.com/PokeAPI/sprites/master/sprites/pokemon/575.png
576,gothitelle,15,245,70,55,95,95,110,65,https://raw.githubusercontent.com/PokeAPI/sprites/master/sprites/pokemon/576.png
577,solosis,3,58,45,30,40,105,50,20,https://raw.githubusercontent.com/PokeAPI/sprites/master/sprites/pokemon/577.png
578,duosion,6,130,65,40,50,125,60,30,https://raw.githubusercontent.com/PokeAPI/sprites/master/sprites/pokemon/578.png
579,reuniclus,10,245,110,65,75,125,85,30,https://raw.githubusercontent.com/PokeAPI/sprites/master/sprites/pokemon/579.png
580,ducklett,5,61,62,44,50,44,50,55,https://raw.githubusercontent.com/PokeAPI/sprites/master/sprites/pokemon/580.png
581,swanna,13,166,75,87,63,87,63,98,https://raw.githubusercontent.com/PokeAPI/sprites/master/sprites/pokemon/581.png
582,vanillite,4,61,36,50,50,65,60,44,https://raw.githubusercontent.com/PokeAPI/sprites/master/sprites/pokemon/582.png
583,vanillish,11,138,51,65,65,80,75,59,https://raw.githubusercontent.com/PokeAPI/sprites/master/sprites/pokemon/583.png
584,vanilluxe,13,268,71,95,85,110,95,79,https://raw.githubusercontent.com/PokeAPI/sprites/master/sprites/pokemon/584.png
585,deerling,6,67,60,60,50,40,50,75,https://raw.githubusercontent.com/PokeAPI/sprites/master/sprites/pokemon/585.png
586,sawsbuck,19,166,80,100,70,60,70,95,https://raw.githubusercontent.com/PokeAPI/sprites/master/sprites/pokemon/586.png
587,emolga,4,150,55,75,60,75,60,103,https://raw.githubusercontent.com/PokeAPI/sprites/master/sprites/pokemon/587.png
588,karrablast,5,63,50,75,45,40,45,60,https://raw.githubusercontent.com/PokeAPI/sprites/master/sprites/pokemon/588.png
589,escavalier,10,173,70,135,105,60,105,20,https://raw.githubusercontent.com/PokeAPI/sprites/master/sprites/pokemon/589.png
590,foongus,2,59,69,55,45,55,55,15,https://raw.githubusercontent.com/PokeAPI/sprites/master/sprites/pokemon/590.png
591,amoonguss,6,162,114,85,70,85,80,30,https://raw.githubusercontent.com/PokeAPI/sprites/master/sprites/pokemon/591.png
592,frillish,12,67,55,40,50,65,85,40,https://raw.githubusercontent.com/PokeAPI/sprites/master/sprites/pokemon/592.png
593,jellicent,22,168,100,60,70,85,105,60,https://raw.githubusercontent.com/PokeAPI/sprites/master/sprites/pokemon/593.png
594,alomomola,12,165,165,75,80,40,45,65,https://raw.githubusercontent.com/PokeAPI/sprites/master/sprites/pokemon/594.png
595,joltik,1,64,50,47,50,57,50,65,https://raw.githubusercontent.com/PokeAPI/sprites/master/sprites/pokemon/595.png
596,galvantula,8,165,70,77,60,97,60,108,https://raw.githubusercontent.com/PokeAPI/sprites/master/sprites/pokemon/596.png
597,ferroseed,6,61,44,50,91,24,86,10,https://raw.githubusercontent.com/PokeAPI/sprites/master/sprites/pokemon/597.png
598,ferrothorn,10,171,74,94,131,54,116,20,https://raw.githubusercontent.com/PokeAPI/sprites/master/sprites/pokemon/598.png
599,klink,3,60,40,55,70,45,60,30,https://raw.githubusercontent.com/PokeAPI/sprites/master/sprites/pokemon/599.png
600,klang,6,154,60,80,95,70,85,50,https://raw.githubusercontent.com/PokeAPI/sprites/master/sprites/pokemon/600.png
601,klinklang,6,260,60,100,115,70,85,90,https://raw.githubusercontent.com/PokeAPI/sprites/master/sprites/pokemon/601.png
602,tynamo,2,55,35,55,40,45,40,60,https://raw.githubusercontent.com/PokeAPI/sprites/master/sprites/pokemon/602.png
603,eelektrik,12,142,65,85,70,75,70,40,https://raw.githubusercontent.com/PokeAPI/sprites/master/sprites/pokemon/603.png
604,eelektross,21,232,85,115,80,105,80,50,https://raw.githubusercontent.com/PokeAPI/sprites/master/sprites/pokemon/604.png
605,elgyem,5,67,55,55,55,85,55,30,https://raw.githubusercontent.com/PokeAPI/sprites/master/sprites/pokemon/605.png
606,beheeyem,10,170,75,75,75,125,95,40,https://raw.githubusercontent.com/PokeAPI/sprites/master/sprites/pokemon/606.png
607,litwick,3,55,50,30,55,65,55,20,https://raw.githubusercontent.com/PokeAPI/sprites/master/sprites/pokemon/607.png
608,lampent,6,130,60,40,60,95,60,55,https://raw.githubusercontent.com/PokeAPI/sprites/master/sprites/pokemon/608.png
609,chandelure,10,260,60,55,90,145,90,80,https://raw.githubusercontent.com/PokeAPI/sprites/master/sprites/pokemon/609.png
610,axew,6,64,46,87,60,30,40,57,https://raw.githubusercontent.com/PokeAPI/sprites/master/sprites/pokemon/610.png
611,fraxure,10,144,66,117,70,40,50,67,https://raw.githubusercontent.com/PokeAPI/sprites/master/sprites/pokemon/611.png
612,haxorus,18,270,76,147,90,60,70,97,https://raw.githubusercontent.com/PokeAPI/sprites/master/sprites/pokemon/612.png
613,cubchoo,5,61,55,70,40,60,40,40,https://raw.githubusercontent.com/PokeAPI/sprites/master/sprites/pokemon/613.png
614,beartic,26,177,95,130,80,70,80,50,https://raw.githubusercontent.com/PokeAPI/sprites/master/sprites/pokemon/614.png
615,cryogonal,11,180,80,50,50,95,135,105,https://raw.githubusercontent.com/PokeAPI/sprites/master/sprites/pokemon/615.png
616,shelmet,4,61,50,40,85,40,65,25,https://raw.githubusercontent.com/PokeAPI/sprites/master/sprites/pokemon/616.png
617,accelgor,8,173,80,70,40,100,60,145,https://raw.githubusercontent.com/PokeAPI/sprites/master/sprites/pokemon/617.png
618,stunfisk,7,165,109,66,84,81,99,32,https://raw.githubusercontent.com/PokeAPI/sprites/master/sprites/pokemon/618.png
619,mienfoo,9,70,45,85,50,55,50,65,https://raw.githubusercontent.com/PokeAPI/sprites/master/sprites/pokemon/619.png
620,mienshao,14,179,65,125,60,95,60,105,https://raw.githubusercontent.com/PokeAPI/sprites/master/sprites/pokemon/620.png
621,druddigon,16,170,77,120,90,60,90,48,https://raw.githubusercontent.com/PokeAPI/sprites/master/sprites/pokemon/621.png
622,golett,10,61,59,74,50,35,50,35,https://raw.githubusercontent.com/PokeAPI/sprites/master/sprites/pokemon/622.png
623,golurk,28,169,89,124,80,55,80,55,https://raw.githubusercontent.com/PokeAPI/sprites/master/sprites/pokemon/623.png
624,pawniard,5,68,45,85,70,40,40,60,https://raw.githubusercontent.com/PokeAPI/sprites/master/sprites/pokemon/624.png
625,bisharp,16,172,65,125,100,60,70,70,https://raw.githubusercontent.com/PokeAPI/sprites/master/sprites/pokemon/625.png
626,bouffalant,16,172,95,110,95,40,95,55,https://raw.githubusercontent.com/PokeAPI/sprites/master/sprites/pokemon/626.png
627,rufflet,5,70,70,83,50,37,50,60,https://raw.githubusercontent.com/PokeAPI/sprites/master/sprites/pokemon/627.png
628,braviary,15,179,100,123,75,57,75,80,https://raw.githubusercontent.com/PokeAPI/sprites/master/sprites/pokemon/628.png
629,vullaby,5,74,70,55,75,45,65,60,https://raw.githubusercontent.com/PokeAPI/sprites/master/sprites/pokemon/629.png
630,mandibuzz,12,179,110,65,105,55,95,80,https://raw.githubusercontent.com/PokeAPI/sprites/master/sprites/pokemon/630.png
631,heatmor,14,169,85,97,66,105,66,65,https://raw.githubusercontent.com/PokeAPI/sprites/master/sprites/pokemon/631.png
632,durant,3,169,58,109,112,48,48,109,https://raw.githubusercontent.com/PokeAPI/sprites/master/sprites/pokemon/632.png
633,deino,8,60,52,65,50,45,50,38,https://raw.githubusercontent.com/PokeAPI/sprites/master/sprites/pokemon/633.png
634,zweilous,14,147,72,85,70,65,70,58,https://raw.githubusercontent.com/PokeAPI/sprites/master/sprites/pokemon/634.png
635,hydreigon,18,300,92,105,90,125,90,98,https://raw.githubusercontent.com/PokeAPI/sprites/master/sprites/pokemon/635.png
636,larvesta,11,72,55,85,55,50,55,60,https://raw.githubusercontent.com/PokeAPI/sprites/master/sprites/pokemon/636.png
637,volcarona,16,275,85,60,65,135,105,100,https://raw.githubusercontent.com/PokeAPI/sprites/master/sprites/pokemon/637.png
638,cobalion,21,290,91,90,129,90,72,108,https://raw.githubusercontent.com/PokeAPI/sprites/master/sprites/pokemon/638.png
639,terrakion,19,290,91,129,90,72,90,108,https://raw.githubusercontent.com/PokeAPI/sprites/master/sprites/pokemon/639.png
640,virizion,20,290,91,90,72,90,129,108,https://raw.githubusercontent.com/PokeAPI/sprites/master/sprites/pokemon/640.png
641,tornadus-incarnate,15,290,79,115,70,125,80,111,https://raw.githubusercontent.com/PokeAPI/sprites/master/sprites/pokemon/641.png
642,thundurus-incarnate,15,290,79,115,70,125,80,111,https://raw.githubusercontent.com/PokeAPI/sprites/master/sprites/pokemon/642.png
643,reshiram,32,340,100,120,100,150,120,90,https://raw.githubusercontent.com/PokeAPI/sprites/master/sprites/pokemon/643.png
644,zekrom,29,340,100,150,120,120,100,90,https://raw.githubusercontent.com/PokeAPI/sprites/master/sprites/pokemon/644.png
645,landorus-incarnate,15,300,89,125,90,115,80,101,https://raw.githubusercontent.com/PokeAPI/sprites/master/sprites/pokemon/645.png
646,kyurem,30,330,125,130,90,130,90,95,https://raw.githubusercontent.com/PokeAPI/sprites/master/sprites/pokemon/646.png
647,keldeo-ordinary,14,290,91,72,90,129,90,108,https://raw.githubusercontent.com/PokeAPI/sprites/master/sprites/pokemon/647.png
648,meloetta-aria,6,270,100,77,77,128,128,90,https://raw.githubusercontent.com/PokeAPI/sprites/master/sprites/pokemon/648.png
